Description,Scientific Name,Max Score,Total Score,Query Cover,E value,Per. ident,Acc. Len,Accession  
"Kitasatospora sp. NA04385 chromosome, complete genome",Kitasatospora sp. NA04385,1831,2128,100%,0.0,89.41,8400742,"=HYPERLINK(""https://www.ncbi.nlm.nih.gov/nucleotide/CP054919.1?report=genbank&log$=nucltop&blast_rank=1&RID=HAPNTP0C013"",""CP054919.1"")"
"Kitasatospora setae KM-6054 DNA, complete genome",Kitasatospora setae KM-6054,1759,2002,100%,0.0,88.52,8783278,"=HYPERLINK(""https://www.ncbi.nlm.nih.gov/nucleotide/AP010968.1?report=genbank&log$=nucltop&blast_rank=2&RID=HAPNTP0C013"",""AP010968.1"")"
"Kitasatospora sp. MMS16-BH015 chromosome, complete genome",Kitasatospora sp. MMS16-BH015,1291,1394,99%,0.0,82.86,8963858,"=HYPERLINK(""https://www.ncbi.nlm.nih.gov/nucleotide/CP025394.1?report=genbank&log$=nucltop&blast_rank=3&RID=HAPNTP0C013"",""CP025394.1"")"
Streptomyces sp. CB01881 chromosome,Streptomyces sp. CB01881,1249,1348,100%,0.0,82.31,11344947,"=HYPERLINK(""https://www.ncbi.nlm.nih.gov/nucleotide/CP026498.1?report=genbank&log$=nucltop&blast_rank=4&RID=HAPNTP0C013"",""CP026498.1"")"
"Streptomyces viridifaciens strain ATCC 11989 chromosome, complete genome",Streptomyces viridifaciens,1225,1225,99%,0.0,82.08,7757877,"=HYPERLINK(""https://www.ncbi.nlm.nih.gov/nucleotide/CP023698.1?report=genbank&log$=nucltop&blast_rank=5&RID=HAPNTP0C013"",""CP023698.1"")"
"Kitasatospora aureofaciens strain DM-1, complete genome",Kitasatospora aureofaciens,1219,1219,99%,0.0,82.02,6824334,"=HYPERLINK(""https://www.ncbi.nlm.nih.gov/nucleotide/CP020567.1?report=genbank&log$=nucltop&blast_rank=6&RID=HAPNTP0C013"",""CP020567.1"")"
"Streptomyces sp. TLI_053 genome assembly, chromosome: I",Streptomyces sp. TLI_053,1218,1429,99%,0.0,81.99,9900053,"=HYPERLINK(""https://www.ncbi.nlm.nih.gov/nucleotide/LT629775.1?report=genbank&log$=nucltop&blast_rank=7&RID=HAPNTP0C013"",""LT629775.1"")"
"Streptacidiphilus bronchialis strain DSM 106435 chromosome, complete genome",Streptacidiphilus bronchialis,680,680,98%,0.0,75.78,7090212,"=HYPERLINK(""https://www.ncbi.nlm.nih.gov/nucleotide/CP031264.1?report=genbank&log$=nucltop&blast_rank=8&RID=HAPNTP0C013"",""CP031264.1"")"
"Streptacidiphilus sp. P02-A3a chromosome, complete genome",Streptacidiphilus sp. P02-A3a,577,577,98%,1e-159,74.72,9330052,"=HYPERLINK(""https://www.ncbi.nlm.nih.gov/nucleotide/CP048289.1?report=genbank&log$=nucltop&blast_rank=9&RID=HAPNTP0C013"",""CP048289.1"")"
Streptomyces davawensis strain JCM 4913 complete genome,Streptomyces davaonensis JCM 4913,562,562,88%,3e-155,75.09,9466619,"=HYPERLINK(""https://www.ncbi.nlm.nih.gov/nucleotide/HE971709.1?report=genbank&log$=nucltop&blast_rank=10&RID=HAPNTP0C013"",""HE971709.1"")"
"Streptomyces phaeolivaceus strain GY16 chromosome, complete genome",Streptomyces phaeolivaceus,560,633,88%,1e-154,75.06,10116136,"=HYPERLINK(""https://www.ncbi.nlm.nih.gov/nucleotide/CP045096.1?report=genbank&log$=nucltop&blast_rank=11&RID=HAPNTP0C013"",""CP045096.1"")"
"Streptomyces cattleya DSM 46488, complete genome",Streptomyces cattleya NRRL 8057 = DSM 46488,558,1076,99%,4e-154,74.26,6282967,"=HYPERLINK(""https://www.ncbi.nlm.nih.gov/nucleotide/CP003219.1?report=genbank&log$=nucltop&blast_rank=12&RID=HAPNTP0C013"",""CP003219.1"")"
"Streptomyces cattleya str. NRRL 8057 main chromosome, complete genome",Streptomyces cattleya NRRL 8057 = DSM 46488,558,1076,99%,4e-154,74.26,6283062,"=HYPERLINK(""https://www.ncbi.nlm.nih.gov/nucleotide/FQ859185.1?report=genbank&log$=nucltop&blast_rank=13&RID=HAPNTP0C013"",""FQ859185.1"")"
"Streptomyces sp. NA04227 chromosome, complete genome",Streptomyces sp. NA04227,512,512,89%,3e-140,74.44,7894562,"=HYPERLINK(""https://www.ncbi.nlm.nih.gov/nucleotide/CP054918.1?report=genbank&log$=nucltop&blast_rank=14&RID=HAPNTP0C013"",""CP054918.1"")"
"Streptacidiphilus sp. PB12-B1b chromosome, complete genome",Streptacidiphilus sp. PB12-B1b,501,501,98%,7e-137,73.68,7672494,"=HYPERLINK(""https://www.ncbi.nlm.nih.gov/nucleotide/CP048405.1?report=genbank&log$=nucltop&blast_rank=15&RID=HAPNTP0C013"",""CP048405.1"")"
"Streptomyces yatensis strain DSM 41771 chromosome, complete genome",Streptomyces yatensis,475,637,98%,4e-129,73.15,10360357,"=HYPERLINK(""https://www.ncbi.nlm.nih.gov/nucleotide/CP072941.1?report=genbank&log$=nucltop&blast_rank=16&RID=HAPNTP0C013"",""CP072941.1"")"
Streptomyces sp. S1D4-23 chromosome,Streptomyces sp. S1D4-23,473,473,83%,2e-128,74.24,12057750,"=HYPERLINK(""https://www.ncbi.nlm.nih.gov/nucleotide/CP041613.2?report=genbank&log$=nucltop&blast_rank=17&RID=HAPNTP0C013"",""CP041613.2"")"
Streptomyces sp. S1A1-7 chromosome,Streptomyces sp. S1A1-7,473,473,83%,2e-128,74.26,11713216,"=HYPERLINK(""https://www.ncbi.nlm.nih.gov/nucleotide/CP041604.2?report=genbank&log$=nucltop&blast_rank=18&RID=HAPNTP0C013"",""CP041604.2"")"
Streptomyces sp. RLB3-6 chromosome,Streptomyces sp. RLB3-6,473,473,83%,2e-128,74.24,12338170,"=HYPERLINK(""https://www.ncbi.nlm.nih.gov/nucleotide/CP041602.2?report=genbank&log$=nucltop&blast_rank=19&RID=HAPNTP0C013"",""CP041602.2"")"
"Streptomyces dengpaensis strain XZHG99 chromosome, complete genome",Streptomyces dengpaensis,473,543,84%,2e-128,74.19,8541354,"=HYPERLINK(""https://www.ncbi.nlm.nih.gov/nucleotide/CP026652.1?report=genbank&log$=nucltop&blast_rank=20&RID=HAPNTP0C013"",""CP026652.1"")"
"Streptomyces sp. S1A1-8 chromosome, complete genome",Streptomyces sp. S1A1-8,468,468,83%,7e-127,74.18,12037094,"=HYPERLINK(""https://www.ncbi.nlm.nih.gov/nucleotide/CP041612.2?report=genbank&log$=nucltop&blast_rank=21&RID=HAPNTP0C013"",""CP041612.2"")"
"Streptomyces sp. RLB3-17 chromosome, complete genome",Streptomyces sp. RLB3-17,468,468,83%,7e-127,74.18,12022941,"=HYPERLINK(""https://www.ncbi.nlm.nih.gov/nucleotide/CP041610.2?report=genbank&log$=nucltop&blast_rank=22&RID=HAPNTP0C013"",""CP041610.2"")"
Streptomyces sp. S1A1-3 chromosome,Streptomyces sp. S1A1-3,468,468,83%,7e-127,74.18,12042091,"=HYPERLINK(""https://www.ncbi.nlm.nih.gov/nucleotide/CP041611.1?report=genbank&log$=nucltop&blast_rank=23&RID=HAPNTP0C013"",""CP041611.1"")"
"Streptomyces sp. RLB1-9 chromosome, complete genome",Streptomyces sp. RLB1-9,468,468,83%,7e-127,74.18,11940408,"=HYPERLINK(""https://www.ncbi.nlm.nih.gov/nucleotide/CP041654.1?report=genbank&log$=nucltop&blast_rank=24&RID=HAPNTP0C013"",""CP041654.1"")"
"Streptomyces sp. RLB1-8 chromosome, complete genome",Streptomyces sp. RLB1-8,462,462,83%,3e-125,74.17,11765395,"=HYPERLINK(""https://www.ncbi.nlm.nih.gov/nucleotide/CP041650.2?report=genbank&log$=nucltop&blast_rank=25&RID=HAPNTP0C013"",""CP041650.2"")"
"Streptomyces sp. S1D4-14 chromosome, complete genome",Streptomyces sp. S1D4-14,462,462,83%,3e-125,74.17,11723552,"=HYPERLINK(""https://www.ncbi.nlm.nih.gov/nucleotide/CP041607.2?report=genbank&log$=nucltop&blast_rank=26&RID=HAPNTP0C013"",""CP041607.2"")"
Streptomyces sp. S1D4-20 chromosome,Streptomyces sp. S1D4-20,462,462,83%,3e-125,74.17,11851273,"=HYPERLINK(""https://www.ncbi.nlm.nih.gov/nucleotide/CP041609.2?report=genbank&log$=nucltop&blast_rank=27&RID=HAPNTP0C013"",""CP041609.2"")"
Streptomyces sp. RLB3-5 chromosome,Streptomyces sp. RLB3-5,462,462,83%,3e-125,74.17,11898970,"=HYPERLINK(""https://www.ncbi.nlm.nih.gov/nucleotide/CP041651.1?report=genbank&log$=nucltop&blast_rank=28&RID=HAPNTP0C013"",""CP041651.1"")"
Streptomyces sp. Z423-1 chromosome,Streptomyces sp. Z423-1,453,615,89%,2e-122,73.62,9460473,"=HYPERLINK(""https://www.ncbi.nlm.nih.gov/nucleotide/CP053109.1?report=genbank&log$=nucltop&blast_rank=29&RID=HAPNTP0C013"",""CP053109.1"")"
"Streptomyces sp. S1D4-11 chromosome, complete genome",Streptomyces sp. S1D4-11,442,442,84%,5e-119,73.76,12276515,"=HYPERLINK(""https://www.ncbi.nlm.nih.gov/nucleotide/CP051010.1?report=genbank&log$=nucltop&blast_rank=30&RID=HAPNTP0C013"",""CP051010.1"")"
"Streptomyces globosus strain LZH-48 chromosome, complete genome",Streptomyces globosus,440,440,88%,2e-118,73.51,6863360,"=HYPERLINK(""https://www.ncbi.nlm.nih.gov/nucleotide/CP030862.1?report=genbank&log$=nucltop&blast_rank=31&RID=HAPNTP0C013"",""CP030862.1"")"
"Streptomyces sp. 3124.6 genome assembly, chromosome: I",Streptomyces sp. 3214.6,440,578,89%,2e-118,73.65,9375551,"=HYPERLINK(""https://www.ncbi.nlm.nih.gov/nucleotide/LT670819.1?report=genbank&log$=nucltop&blast_rank=32&RID=HAPNTP0C013"",""LT670819.1"")"
Streptomyces seoulensis strain A01 chromosome,Streptomyces seoulensis,438,438,82%,6e-118,73.79,8255570,"=HYPERLINK(""https://www.ncbi.nlm.nih.gov/nucleotide/CP054936.1?report=genbank&log$=nucltop&blast_rank=33&RID=HAPNTP0C013"",""CP054936.1"")"
Streptomyces sp. CRXT-G-22 chromosome,Streptomyces sp. CRXT-G-22,436,436,98%,2e-117,73.03,9947447,"=HYPERLINK(""https://www.ncbi.nlm.nih.gov/nucleotide/CP060828.1?report=genbank&log$=nucltop&blast_rank=34&RID=HAPNTP0C013"",""CP060828.1"")"
"Streptomyces sp. Mg1, complete genome",Streptomyces sp. Mg1,435,435,89%,8e-117,73.31,7868178,"=HYPERLINK(""https://www.ncbi.nlm.nih.gov/nucleotide/CP011664.1?report=genbank&log$=nucltop&blast_rank=35&RID=HAPNTP0C013"",""CP011664.1"")"
"Streptomyces avermitilis MC3 DNA, complete genome",Streptomyces avermitilis,433,433,83%,3e-116,73.85,9449866,"=HYPERLINK(""https://www.ncbi.nlm.nih.gov/nucleotide/AP019621.1?report=genbank&log$=nucltop&blast_rank=36&RID=HAPNTP0C013"",""AP019621.1"")"
"Streptomyces sp. SAT1, complete genome",Streptomyces sp. SAT1,433,433,82%,3e-116,73.77,7472530,"=HYPERLINK(""https://www.ncbi.nlm.nih.gov/nucleotide/CP015849.1?report=genbank&log$=nucltop&blast_rank=37&RID=HAPNTP0C013"",""CP015849.1"")"
"Streptomyces avermitilis MA-4680 = NBRC 14893 DNA, complete genome",Streptomyces avermitilis MA-4680 = NBRC 14893,433,433,83%,3e-116,73.85,9025608,"=HYPERLINK(""https://www.ncbi.nlm.nih.gov/nucleotide/BA000030.4?report=genbank&log$=nucltop&blast_rank=38&RID=HAPNTP0C013"",""BA000030.4"")"
Streptomyces rapamycinicus NRRL 5491 genome,Streptomyces rapamycinicus NRRL 5491,431,591,89%,1e-115,73.25,12700734,"=HYPERLINK(""https://www.ncbi.nlm.nih.gov/nucleotide/CP006567.1?report=genbank&log$=nucltop&blast_rank=39&RID=HAPNTP0C013"",""CP006567.1"")"
"Streptomyces sp. GMY02 chromosome, complete genome",Streptomyces sp. GMY02,427,427,83%,1e-114,73.49,8512626,"=HYPERLINK(""https://www.ncbi.nlm.nih.gov/nucleotide/CP077658.1?report=genbank&log$=nucltop&blast_rank=40&RID=HAPNTP0C013"",""CP077658.1"")"
"Streptomyces sp. P3 chromosome, complete genome",Streptomyces sp. P3,420,420,89%,2e-112,73.13,9851971,"=HYPERLINK(""https://www.ncbi.nlm.nih.gov/nucleotide/CP028369.1?report=genbank&log$=nucltop&blast_rank=41&RID=HAPNTP0C013"",""CP028369.1"")"
"Streptomyces cacaoi subsp. asoensis strain H2S5 chromosome, complete genome",Streptomyces cacaoi subsp. asoensis,418,567,89%,8e-112,73.33,10044300,"=HYPERLINK(""https://www.ncbi.nlm.nih.gov/nucleotide/CP049838.1?report=genbank&log$=nucltop&blast_rank=42&RID=HAPNTP0C013"",""CP049838.1"")"
"Streptomyces collinus Tu 365 chromosome, complete genome",Streptomyces collinus Tu 365,418,790,89%,8e-112,73.33,8272925,"=HYPERLINK(""https://www.ncbi.nlm.nih.gov/nucleotide/CP006259.1?report=genbank&log$=nucltop&blast_rank=43&RID=HAPNTP0C013"",""CP006259.1"")"
"Streptomyces kanamyceticus strain ATCC 12853 chromosome, complete genome",Streptomyces kanamyceticus,416,619,99%,3e-111,72.65,10133897,"=HYPERLINK(""https://www.ncbi.nlm.nih.gov/nucleotide/CP023699.1?report=genbank&log$=nucltop&blast_rank=44&RID=HAPNTP0C013"",""CP023699.1"")"
"Streptomyces pluripotens strain MUSC 137, complete genome",Streptomyces pluripotens,416,416,89%,3e-111,73.10,7586568,"=HYPERLINK(""https://www.ncbi.nlm.nih.gov/nucleotide/CP022433.1?report=genbank&log$=nucltop&blast_rank=45&RID=HAPNTP0C013"",""CP022433.1"")"
"Streptomyces pluripotens strain MUSC 135 chromosome, complete genome",Streptomyces pluripotens,416,416,89%,3e-111,73.10,7346075,"=HYPERLINK(""https://www.ncbi.nlm.nih.gov/nucleotide/CP021080.1?report=genbank&log$=nucltop&blast_rank=46&RID=HAPNTP0C013"",""CP021080.1"")"
"Streptomyces nodosus strain ATCC 14899 chromosome, complete genome",Streptomyces nodosus,414,640,84%,1e-110,73.45,7772587,"=HYPERLINK(""https://www.ncbi.nlm.nih.gov/nucleotide/CP023747.1?report=genbank&log$=nucltop&blast_rank=47&RID=HAPNTP0C013"",""CP023747.1"")"
Streptomyces nodosus strain ATCC 14899 genome,Streptomyces nodosus,414,640,84%,1e-110,73.45,7714110,"=HYPERLINK(""https://www.ncbi.nlm.nih.gov/nucleotide/CP009313.1?report=genbank&log$=nucltop&blast_rank=48&RID=HAPNTP0C013"",""CP009313.1"")"
"Streptomyces nodosus strain ZJB2016050 chromosome, complete genome",Streptomyces nodosus,414,640,84%,1e-110,73.45,7621081,"=HYPERLINK(""https://www.ncbi.nlm.nih.gov/nucleotide/CP071465.1?report=genbank&log$=nucltop&blast_rank=49&RID=HAPNTP0C013"",""CP071465.1"")"
"Streptomyces sp. RPA4-2 chromosome, complete genome",Streptomyces sp. RPA4-2,411,411,89%,1e-109,73.27,9856149,"=HYPERLINK(""https://www.ncbi.nlm.nih.gov/nucleotide/CP050975.1?report=genbank&log$=nucltop&blast_rank=50&RID=HAPNTP0C013"",""CP050975.1"")"
"Streptomyces formicae strain KY5 chromosome, complete genome",Streptomyces formicae,411,624,99%,1e-109,72.70,9611874,"=HYPERLINK(""https://www.ncbi.nlm.nih.gov/nucleotide/CP022685.1?report=genbank&log$=nucltop&blast_rank=51&RID=HAPNTP0C013"",""CP022685.1"")"
Streptomyces sp. M54 chromosome,Streptomyces sp. M54,411,631,89%,1e-109,72.97,7767664,"=HYPERLINK(""https://www.ncbi.nlm.nih.gov/nucleotide/CP059898.1?report=genbank&log$=nucltop&blast_rank=52&RID=HAPNTP0C013"",""CP059898.1"")"
"Streptomyces sp. RLB1-33 chromosome, complete genome",Streptomyces sp. RLB1-33,409,409,84%,5e-109,73.38,12127650,"=HYPERLINK(""https://www.ncbi.nlm.nih.gov/nucleotide/CP050974.1?report=genbank&log$=nucltop&blast_rank=53&RID=HAPNTP0C013"",""CP050974.1"")"
Streptomyces rimosus R6-500 chromosome,Streptomyces rimosus R6-500,409,409,89%,5e-109,73.14,8919161,"=HYPERLINK(""https://www.ncbi.nlm.nih.gov/nucleotide/CP045803.1?report=genbank&log$=nucltop&blast_rank=54&RID=HAPNTP0C013"",""CP045803.1"")"
"Streptomyces fagopyri strain QMT-28 chromosome, complete genome",Streptomyces fagopyri,409,409,98%,5e-109,72.69,8880330,"=HYPERLINK(""https://www.ncbi.nlm.nih.gov/nucleotide/CP045643.1?report=genbank&log$=nucltop&blast_rank=55&RID=HAPNTP0C013"",""CP045643.1"")"
"Streptomyces rimosus strain ATCC 10970 chromosome, complete genome",Streptomyces rimosus,409,409,89%,5e-109,73.13,9361154,"=HYPERLINK(""https://www.ncbi.nlm.nih.gov/nucleotide/CP023688.1?report=genbank&log$=nucltop&blast_rank=56&RID=HAPNTP0C013"",""CP023688.1"")"
"Streptomyces rimosus strain WT5260 chromosome, complete genome",Streptomyces rimosus,409,409,89%,5e-109,73.13,9365899,"=HYPERLINK(""https://www.ncbi.nlm.nih.gov/nucleotide/CP025551.1?report=genbank&log$=nucltop&blast_rank=57&RID=HAPNTP0C013"",""CP025551.1"")"
"Streptomyces tirandamycinicus strain HNM0039 chromosome, complete genome",Streptomyces tirandamycinicus,409,591,89%,5e-109,73.01,7289495,"=HYPERLINK(""https://www.ncbi.nlm.nih.gov/nucleotide/CP029188.1?report=genbank&log$=nucltop&blast_rank=58&RID=HAPNTP0C013"",""CP029188.1"")"
"Streptomyces rimosus subsp. rimosus ATCC 10970 chromosome, complete genome",Streptomyces rimosus subsp. rimosus ATCC 10970,409,409,89%,5e-109,73.14,9351267,"=HYPERLINK(""https://www.ncbi.nlm.nih.gov/nucleotide/CP048261.1?report=genbank&log$=nucltop&blast_rank=59&RID=HAPNTP0C013"",""CP048261.1"")"
"Streptomyces nitrosporeus strain ATCC 12769 chromosome, complete genome",Streptomyces nitrosporeus,407,504,89%,2e-108,73.01,7581562,"=HYPERLINK(""https://www.ncbi.nlm.nih.gov/nucleotide/CP023702.1?report=genbank&log$=nucltop&blast_rank=60&RID=HAPNTP0C013"",""CP023702.1"")"
Streptomyces katrae strain S3 genome,Streptomyces katrae,403,498,81%,2e-107,73.60,7504851,"=HYPERLINK(""https://www.ncbi.nlm.nih.gov/nucleotide/CP020042.1?report=genbank&log$=nucltop&blast_rank=61&RID=HAPNTP0C013"",""CP020042.1"")"
"Streptomyces mirabilis strain P16B-1 chromosome, complete genome",Streptomyces mirabilis,403,403,84%,2e-107,73.30,9103359,"=HYPERLINK(""https://www.ncbi.nlm.nih.gov/nucleotide/CP074102.1?report=genbank&log$=nucltop&blast_rank=62&RID=HAPNTP0C013"",""CP074102.1"")"
Streptomyces sp. ICC4 chromosome,Streptomyces sp. ICC4,399,651,84%,3e-106,73.22,9010404,"=HYPERLINK(""https://www.ncbi.nlm.nih.gov/nucleotide/CP030286.1?report=genbank&log$=nucltop&blast_rank=63&RID=HAPNTP0C013"",""CP030286.1"")"
Streptomyces sp. ICC1 chromosome,Streptomyces sp. ICC1,399,651,84%,3e-106,73.22,9034319,"=HYPERLINK(""https://www.ncbi.nlm.nih.gov/nucleotide/CP030287.1?report=genbank&log$=nucltop&blast_rank=64&RID=HAPNTP0C013"",""CP030287.1"")"
"Streptomyces tuirus JCM 4255 DNA, complete sequence",Streptomyces tuirus,399,515,99%,3e-106,72.80,7561001,"=HYPERLINK(""https://www.ncbi.nlm.nih.gov/nucleotide/AP023439.1?report=genbank&log$=nucltop&blast_rank=65&RID=HAPNTP0C013"",""AP023439.1"")"
"Streptomyces rectiverticillatus strain B15-08 chromosome, complete genome",Streptomyces rectiverticillatus,399,399,99%,3e-106,72.38,7679243,"=HYPERLINK(""https://www.ncbi.nlm.nih.gov/nucleotide/CP040752.1?report=genbank&log$=nucltop&blast_rank=66&RID=HAPNTP0C013"",""CP040752.1"")"
"Streptomyces iranensis genome assembly Siranensis, scaffold SCAF00001",Streptomyces iranensis,398,559,89%,1e-105,72.82,11956957,"=HYPERLINK(""https://www.ncbi.nlm.nih.gov/nucleotide/LK022848.1?report=genbank&log$=nucltop&blast_rank=67&RID=HAPNTP0C013"",""LK022848.1"")"
"Streptomyces chromofuscus strain DSM 40273 chromosome, complete genome",Streptomyces chromofuscus,398,745,89%,1e-105,72.98,7483282,"=HYPERLINK(""https://www.ncbi.nlm.nih.gov/nucleotide/CP063374.1?report=genbank&log$=nucltop&blast_rank=68&RID=HAPNTP0C013"",""CP063374.1"")"
Streptomyces californicus strain FDAARGOS_1210 chromosome,Streptomyces californicus,394,607,89%,1e-104,72.80,7919564,"=HYPERLINK(""https://www.ncbi.nlm.nih.gov/nucleotide/CP070260.1?report=genbank&log$=nucltop&blast_rank=69&RID=HAPNTP0C013"",""CP070260.1"")"
"Streptomyces spongiicola strain HNM0071 chromosome, complete genome",Streptomyces spongiicola,392,717,89%,5e-104,72.84,7180417,"=HYPERLINK(""https://www.ncbi.nlm.nih.gov/nucleotide/CP029254.1?report=genbank&log$=nucltop&blast_rank=70&RID=HAPNTP0C013"",""CP029254.1"")"
"Streptomyces murinus strain Am1 chromosome, complete genome",Streptomyces murinus,387,387,88%,2e-102,72.62,8539264,"=HYPERLINK(""https://www.ncbi.nlm.nih.gov/nucleotide/CP066774.1?report=genbank&log$=nucltop&blast_rank=71&RID=HAPNTP0C013"",""CP066774.1"")"
"Streptomyces sp. DSM 40868 chromosome, complete genome",Streptomyces sp. DSM 40868,385,385,89%,8e-102,72.66,9195693,"=HYPERLINK(""https://www.ncbi.nlm.nih.gov/nucleotide/CP050504.1?report=genbank&log$=nucltop&blast_rank=72&RID=HAPNTP0C013"",""CP050504.1"")"
"Streptomyces sp. NEAU-S7GS2 chromosome, complete genome",Streptomyces sp. NEAU-S7GS2,385,1013,99%,8e-102,72.71,9641634,"=HYPERLINK(""https://www.ncbi.nlm.nih.gov/nucleotide/CP029541.1?report=genbank&log$=nucltop&blast_rank=73&RID=HAPNTP0C013"",""CP029541.1"")"
"Streptomyces cyanogenus strain S136 chromosome, complete genome",Streptomyces cyanogenus,385,535,89%,8e-102,72.58,8773899,"=HYPERLINK(""https://www.ncbi.nlm.nih.gov/nucleotide/CP071839.1?report=genbank&log$=nucltop&blast_rank=74&RID=HAPNTP0C013"",""CP071839.1"")"
"Streptomyces griseochromogenes strain ATCC 14511, complete genome",Streptomyces griseochromogenes,383,506,89%,3e-101,72.63,10764674,"=HYPERLINK(""https://www.ncbi.nlm.nih.gov/nucleotide/CP016279.1?report=genbank&log$=nucltop&blast_rank=75&RID=HAPNTP0C013"",""CP016279.1"")"
"Streptomyces sp. SUK 48 chromosome, complete genome",Streptomyces sp. SUK 48,381,381,88%,1e-100,72.63,8341671,"=HYPERLINK(""https://www.ncbi.nlm.nih.gov/nucleotide/CP045740.1?report=genbank&log$=nucltop&blast_rank=76&RID=HAPNTP0C013"",""CP045740.1"")"
"Streptomyces reticuli genome assembly TUE45, chromosome : I",Streptomyces reticuli,381,637,83%,1e-100,73.04,8353915,"=HYPERLINK(""https://www.ncbi.nlm.nih.gov/nucleotide/LN997842.1?report=genbank&log$=nucltop&blast_rank=77&RID=HAPNTP0C013"",""LN997842.1"")"
"Streptomyces albulus ZPM, complete genome",Streptomyces albulus ZPM,381,381,84%,1e-100,73.14,9784577,"=HYPERLINK(""https://www.ncbi.nlm.nih.gov/nucleotide/CP006871.1?report=genbank&log$=nucltop&blast_rank=78&RID=HAPNTP0C013"",""CP006871.1"")"
Streptomyces sp. JB150 chromosome,Streptomyces sp. JB150,379,515,99%,4e-100,72.25,7318937,"=HYPERLINK(""https://www.ncbi.nlm.nih.gov/nucleotide/CP049780.1?report=genbank&log$=nucltop&blast_rank=79&RID=HAPNTP0C013"",""CP049780.1"")"
"Streptomyces noursei ATCC 11455, complete genome",Streptomyces noursei ATCC 11455,379,379,90%,4e-100,72.80,9815884,"=HYPERLINK(""https://www.ncbi.nlm.nih.gov/nucleotide/CP011533.1?report=genbank&log$=nucltop&blast_rank=80&RID=HAPNTP0C013"",""CP011533.1"")"
"Streptomyces sp. 769, complete genome",Streptomyces sp. 769,379,379,84%,4e-100,73.07,10100774,"=HYPERLINK(""https://www.ncbi.nlm.nih.gov/nucleotide/CP003987.1?report=genbank&log$=nucltop&blast_rank=81&RID=HAPNTP0C013"",""CP003987.1"")"
"Streptomyces noursei strain A-2-1 chromosome, complete genome",Streptomyces noursei,379,379,89%,4e-100,72.83,9857535,"=HYPERLINK(""https://www.ncbi.nlm.nih.gov/nucleotide/CP070326.1?report=genbank&log$=nucltop&blast_rank=82&RID=HAPNTP0C013"",""CP070326.1"")"
"Streptomyces sp. endophyte_N2 chromosome, complete genome",Streptomyces sp. endophyte_N2,375,375,88%,5e-99,72.47,8428700,"=HYPERLINK(""https://www.ncbi.nlm.nih.gov/nucleotide/CP028719.1?report=genbank&log$=nucltop&blast_rank=83&RID=HAPNTP0C013"",""CP028719.1"")"
"Streptomyces sp. EAS-AB2608 DNA, nearly complete genome",Streptomyces sp. EAS-AB2608,375,622,83%,5e-99,72.96,9320785,"=HYPERLINK(""https://www.ncbi.nlm.nih.gov/nucleotide/AP024135.1?report=genbank&log$=nucltop&blast_rank=84&RID=HAPNTP0C013"",""AP024135.1"")"
"Streptomyces albulus strain CK-15 chromosome, complete genome",Streptomyces albulus,370,370,84%,2e-97,73.01,9336218,"=HYPERLINK(""https://www.ncbi.nlm.nih.gov/nucleotide/CP026094.1?report=genbank&log$=nucltop&blast_rank=85&RID=HAPNTP0C013"",""CP026094.1"")"
"Streptomyces fodineus strain TW1S1 chromosome, complete genome",Streptomyces fodineus,370,574,89%,2e-97,72.52,9698948,"=HYPERLINK(""https://www.ncbi.nlm.nih.gov/nucleotide/CP017248.1?report=genbank&log$=nucltop&blast_rank=86&RID=HAPNTP0C013"",""CP017248.1"")"
Streptomyces sp. PBH53 genome,Streptomyces sp. PBH53,370,799,83%,2e-97,72.89,9153597,"=HYPERLINK(""https://www.ncbi.nlm.nih.gov/nucleotide/CP011799.1?report=genbank&log$=nucltop&blast_rank=87&RID=HAPNTP0C013"",""CP011799.1"")"
"Streptomyces albulus strain NK660, complete genome",Streptomyces albulus,370,370,84%,2e-97,73.01,9360281,"=HYPERLINK(""https://www.ncbi.nlm.nih.gov/nucleotide/CP007574.1?report=genbank&log$=nucltop&blast_rank=88&RID=HAPNTP0C013"",""CP007574.1"")"
"Streptomyces sp. MOE7, complete genome",Streptomyces sp. MOE7,368,730,97%,8e-97,73.60,8399509,"=HYPERLINK(""https://www.ncbi.nlm.nih.gov/nucleotide/CP019779.1?report=genbank&log$=nucltop&blast_rank=89&RID=HAPNTP0C013"",""CP019779.1"")"
"Streptomyces lydicus strain 103 chromosome, complete genome",Streptomyces lydicus,368,692,97%,8e-97,73.60,8201357,"=HYPERLINK(""https://www.ncbi.nlm.nih.gov/nucleotide/CP017157.1?report=genbank&log$=nucltop&blast_rank=90&RID=HAPNTP0C013"",""CP017157.1"")"
"Streptomyces rochei 7434AN4 DNA, complete genome",Streptomyces rochei,364,364,88%,1e-95,72.32,8364802,"=HYPERLINK(""https://www.ncbi.nlm.nih.gov/nucleotide/AP018517.1?report=genbank&log$=nucltop&blast_rank=91&RID=HAPNTP0C013"",""AP018517.1"")"
"Streptomyces griseofuscus strain DSM 40191 chromosome, complete genome",Streptomyces griseofuscus,364,364,88%,1e-95,72.32,8721740,"=HYPERLINK(""https://www.ncbi.nlm.nih.gov/nucleotide/CP051006.1?report=genbank&log$=nucltop&blast_rank=92&RID=HAPNTP0C013"",""CP051006.1"")"
"Streptomyces alfalfae strain Men-myco-93-63 chromosome, complete genome",Streptomyces alfalfae,361,361,88%,1e-94,72.49,8856609,"=HYPERLINK(""https://www.ncbi.nlm.nih.gov/nucleotide/CP065959.1?report=genbank&log$=nucltop&blast_rank=93&RID=HAPNTP0C013"",""CP065959.1"")"
"Streptomyces sp. jing01 chromosome, complete genome",Streptomyces sp. jing01,359,519,84%,5e-94,72.53,7815457,"=HYPERLINK(""https://www.ncbi.nlm.nih.gov/nucleotide/CP053189.1?report=genbank&log$=nucltop&blast_rank=94&RID=HAPNTP0C013"",""CP053189.1"")"
"Streptomyces lydicus strain GS93 isolate 23, complete genome",Streptomyces lydicus,357,708,97%,2e-93,73.44,8243179,"=HYPERLINK(""https://www.ncbi.nlm.nih.gov/nucleotide/CP019457.1?report=genbank&log$=nucltop&blast_rank=95&RID=HAPNTP0C013"",""CP019457.1"")"
"Streptomyces fradiae strain NKZ-259 chromosome, complete genome",Streptomyces fradiae,350,350,98%,3e-91,71.86,8081458,"=HYPERLINK(""https://www.ncbi.nlm.nih.gov/nucleotide/CP032266.1?report=genbank&log$=nucltop&blast_rank=96&RID=HAPNTP0C013"",""CP032266.1"")"
"Streptomyces alfalfae strain ACCC40021 chromosome, complete genome",Streptomyces alfalfae,350,350,98%,3e-91,71.86,8625867,"=HYPERLINK(""https://www.ncbi.nlm.nih.gov/nucleotide/CP015588.1?report=genbank&log$=nucltop&blast_rank=97&RID=HAPNTP0C013"",""CP015588.1"")"
"Streptomyces alfalfae strain XN-04 chromosome, complete genome",Streptomyces alfalfae,350,350,88%,3e-91,72.34,8254035,"=HYPERLINK(""https://www.ncbi.nlm.nih.gov/nucleotide/CP060742.1?report=genbank&log$=nucltop&blast_rank=98&RID=HAPNTP0C013"",""CP060742.1"")"
"Streptomyces sp. HF10 chromosome, complete genome",Streptomyces sp. HF10,348,348,88%,1e-90,72.22,7814787,"=HYPERLINK(""https://www.ncbi.nlm.nih.gov/nucleotide/CP047144.1?report=genbank&log$=nucltop&blast_rank=99&RID=HAPNTP0C013"",""CP047144.1"")"
"Streptomyces cadmiisoli strain ZFG47 chromosome, complete genome",Streptomyces cadmiisoli,315,414,89%,1e-80,71.80,9269371,"=HYPERLINK(""https://www.ncbi.nlm.nih.gov/nucleotide/CP030073.1?report=genbank&log$=nucltop&blast_rank=100&RID=HAPNTP0C013"",""CP030073.1"")"



		


